[{"model": "contenttypes.contenttype", "pk": 1, "fields": {"app_label": "admin", "model": "logentry"}}, {"model": "contenttypes.contenttype", "pk": 2, "fields": {"app_label": "auth", "model": "permission"}}, {"model": "contenttypes.contenttype", "pk": 3, "fields": {"app_label": "auth", "model": "group"}}, {"model": "contenttypes.contenttype", "pk": 4, "fields": {"app_label": "contenttypes", "model": "contenttype"}}, {"model": "contenttypes.contenttype", "pk": 5, "fields": {"app_label": "sessions", "model": "session"}}, {"model": "contenttypes.contenttype", "pk": 6, "fields": {"app_label": "accounts", "model": "user"}}, {"model": "contenttypes.contenttype", "pk": 7, "fields": {"app_label": "Test", "model": "test"}}, {"model": "contenttypes.contenttype", "pk": 8, "fields": {"app_label": "Test", "model": "testmarks"}}, {"model": "contenttypes.contenttype", "pk": 9, "fields": {"app_label": "Test", "model": "question"}}, {"model": "contenttypes.contenttype", "pk": 10, "fields": {"app_label": "Test", "model": "possibleanswer"}}, {"model": "contenttypes.contenttype", "pk": 11, "fields": {"app_label": "Test", "model": "comment"}}, {"model": "contenttypes.contenttype", "pk": 12, "fields": {"app_label": "social_django", "model": "association"}}, {"model": "contenttypes.contenttype", "pk": 13, "fields": {"app_label": "social_django", "model": "code"}}, {"model": "contenttypes.contenttype", "pk": 14, "fields": {"app_label": "social_django", "model": "nonce"}}, {"model": "contenttypes.contenttype", "pk": 15, "fields": {"app_label": "social_django", "model": "usersocialauth"}}, {"model": "contenttypes.contenttype", "pk": 16, "fields": {"app_label": "social_django", "model": "partial"}}, {"model": "sessions.session", "pk": "3jyrznbe8o3d6zlfhlu1blaz3x0by4bs", "fields": {"session_data": "NTY1NWI5MzAzNjE4ZjhkOTY1YTg1YTEyNGRlZTk5ZmI5NTczZTZiNjp7Il9hdXRoX3VzZXJfaWQiOiIxNiIsIl9hdXRoX3VzZXJfYmFja2VuZCI6ImRqYW5nby5jb250cmliLmF1dGguYmFja2VuZHMuTW9kZWxCYWNrZW5kIiwiX2F1dGhfdXNlcl9oYXNoIjoiZTY3MzA0YjBlMDAzOGMxZWQzY2UyMjM5Y2Y5YjVkNmNkMWVhOTA5YyJ9", "expire_date": "2020-01-22T01:20:49.461Z"}}, {"model": "sessions.session", "pk": "7rp5nz388jrehy8hsqf3vywrm09ou24i", "fields": {"session_data": "YTQ0MmM5ZjJmYWViZDc0MDE5MGMwYWEyMjZiOTI4NDhhMDlhZjc1ODp7Il9hdXRoX3VzZXJfaWQiOiIxNiIsIl9hdXRoX3VzZXJfYmFja2VuZCI6ImRqYW5nby5jb250cmliLmF1dGguYmFja2VuZHMuTW9kZWxCYWNrZW5kIiwiX2F1dGhfdXNlcl9oYXNoIjoiYWQ5MjQyZWIxOTA4YjMxN2YyOTkwMjBiNmRkOGExZGFjNjQ0ZjhhMiJ9", "expire_date": "2020-01-22T01:29:24.340Z"}}, {"model": "sessions.session", "pk": "8qflgu3h6al2wqejv2nwqbd461eeprmq", "fields": {"session_data": "NTY1NWI5MzAzNjE4ZjhkOTY1YTg1YTEyNGRlZTk5ZmI5NTczZTZiNjp7Il9hdXRoX3VzZXJfaWQiOiIxNiIsIl9hdXRoX3VzZXJfYmFja2VuZCI6ImRqYW5nby5jb250cmliLmF1dGguYmFja2VuZHMuTW9kZWxCYWNrZW5kIiwiX2F1dGhfdXNlcl9oYXNoIjoiZTY3MzA0YjBlMDAzOGMxZWQzY2UyMjM5Y2Y5YjVkNmNkMWVhOTA5YyJ9", "expire_date": "2020-01-22T01:18:09.679Z"}}, {"model": "sessions.session", "pk": "qpt3pqr27zwrq2vhecjze45l2tlnk9ug", "fields": {"session_data": "YTQ0MmM5ZjJmYWViZDc0MDE5MGMwYWEyMjZiOTI4NDhhMDlhZjc1ODp7Il9hdXRoX3VzZXJfaWQiOiIxNiIsIl9hdXRoX3VzZXJfYmFja2VuZCI6ImRqYW5nby5jb250cmliLmF1dGguYmFja2VuZHMuTW9kZWxCYWNrZW5kIiwiX2F1dGhfdXNlcl9oYXNoIjoiYWQ5MjQyZWIxOTA4YjMxN2YyOTkwMjBiNmRkOGExZGFjNjQ0ZjhhMiJ9", "expire_date": "2020-01-22T01:28:36.752Z"}}, {"model": "sessions.session", "pk": "xee0hr8nx7p6io3fqtoqsi2qplwouejp", "fields": {"session_data": "YTQ0MmM5ZjJmYWViZDc0MDE5MGMwYWEyMjZiOTI4NDhhMDlhZjc1ODp7Il9hdXRoX3VzZXJfaWQiOiIxNiIsIl9hdXRoX3VzZXJfYmFja2VuZCI6ImRqYW5nby5jb250cmliLmF1dGguYmFja2VuZHMuTW9kZWxCYWNrZW5kIiwiX2F1dGhfdXNlcl9oYXNoIjoiYWQ5MjQyZWIxOTA4YjMxN2YyOTkwMjBiNmRkOGExZGFjNjQ0ZjhhMiJ9", "expire_date": "2020-01-22T01:30:12.875Z"}}, {"model": "Test.question", "pk": 1, "fields": {"question": "The baby boy saw ... in the mirror and started to cry.", "test": 2}}, {"model": "Test.question", "pk": 2, "fields": {"question": "A lot of trains ... late today due to the heavy storms.", "test": 2}}, {"model": "Test.question", "pk": 3, "fields": {"question": "... was a strong wind last night.", "test": 2}}, {"model": "Test.question", "pk": 4, "fields": {"question": "Firstly, I want to congratulate you all. Secondly, I would like to wish you good luck and ... I hope you have enjoyed the course.", "test": 2}}, {"model": "Test.question", "pk": 5, "fields": {"question": "You ... clean your teeth twice a day to avoid having problems.", "test": 2}}, {"model": "Test.question", "pk": 6, "fields": {"question": "I ______ bus on Mondays.", "test": 4}}, {"model": "Test.question", "pk": 7, "fields": {"question": "Sorry, but this chair is ______.", "test": 4}}, {"model": "Test.question", "pk": 8, "fields": {"question": "A: 'How old ______?' B: 'I ______ .'", "test": 4}}, {"model": "Test.question", "pk": 9, "fields": {"question": "I ______ to the cinema.", "test": 4}}, {"model": "Test.question", "pk": 10, "fields": {"question": "Where ______ ?", "test": 4}}, {"model": "Test.possibleanswer", "pk": 1, "fields": {"answer": "itself", "question": 1, "right_answer": false}}, {"model": "Test.possibleanswer", "pk": 2, "fields": {"answer": "Other answer", "question": 1, "right_answer": false}}, {"model": "Test.possibleanswer", "pk": 3, "fields": {"answer": "herself", "question": 1, "right_answer": false}}, {"model": "Test.possibleanswer", "pk": 4, "fields": {"answer": "himself", "question": 1, "right_answer": true}}, {"model": "Test.possibleanswer", "pk": 5, "fields": {"answer": "are run", "question": 2, "right_answer": true}}, {"model": "Test.possibleanswer", "pk": 6, "fields": {"answer": "run", "question": 2, "right_answer": false}}, {"model": "Test.possibleanswer", "pk": 7, "fields": {"answer": "are running", "question": 2, "right_answer": false}}, {"model": "Test.possibleanswer", "pk": 8, "fields": {"answer": "Other answer", "question": 2, "right_answer": false}}, {"model": "Test.possibleanswer", "pk": 9, "fields": {"answer": "There", "question": 3, "right_answer": true}}, {"model": "Test.possibleanswer", "pk": 10, "fields": {"answer": "Here", "question": 3, "right_answer": false}}, {"model": "Test.possibleanswer", "pk": 11, "fields": {"answer": "This", "question": 3, "right_answer": false}}, {"model": "Test.possibleanswer", "pk": 12, "fields": {"answer": "Other answer", "question": 3, "right_answer": false}}, {"model": "Test.possibleanswer", "pk": 13, "fields": {"answer": "at last", "question": 4, "right_answer": true}}, {"model": "Test.possibleanswer", "pk": 14, "fields": {"answer": "finally", "question": 4, "right_answer": false}}, {"model": "Test.possibleanswer", "pk": 15, "fields": {"answer": "in the end", "question": 4, "right_answer": false}}, {"model": "Test.possibleanswer", "pk": 16, "fields": {"answer": "Other answer", "question": 4, "right_answer": false}}, {"model": "Test.possibleanswer", "pk": 17, "fields": {"answer": "can", "question": 5, "right_answer": false}}, {"model": "Test.possibleanswer", "pk": 18, "fields": {"answer": "should", "question": 5, "right_answer": true}}, {"model": "Test.possibleanswer", "pk": 19, "fields": {"answer": "will", "question": 5, "right_answer": false}}, {"model": "Test.possibleanswer", "pk": 20, "fields": {"answer": "Other answer", "question": 5, "right_answer": false}}, {"model": "Test.possibleanswer", "pk": 21, "fields": {"answer": "am going to work with", "question": 6, "right_answer": false}}, {"model": "Test.possibleanswer", "pk": 22, "fields": {"answer": "am going to work by", "question": 6, "right_answer": false}}, {"model": "Test.possibleanswer", "pk": 23, "fields": {"answer": "go to work with", "question": 6, "right_answer": false}}, {"model": "Test.possibleanswer", "pk": 24, "fields": {"answer": "go to work by", "question": 6, "right_answer": true}}, {"model": "Test.possibleanswer", "pk": 25, "fields": {"answer": "me", "question": 7, "right_answer": false}}, {"model": "Test.possibleanswer", "pk": 26, "fields": {"answer": "mine", "question": 7, "right_answer": true}}, {"model": "Test.possibleanswer", "pk": 27, "fields": {"answer": "my", "question": 7, "right_answer": false}}, {"model": "Test.possibleanswer", "pk": 28, "fields": {"answer": "our", "question": 7, "right_answer": false}}, {"model": "Test.possibleanswer", "pk": 29, "fields": {"answer": "are you / am 20 years old.", "question": 8, "right_answer": true}}, {"model": "Test.possibleanswer", "pk": 30, "fields": {"answer": "have you / have 20 years old", "question": 8, "right_answer": false}}, {"model": "Test.possibleanswer", "pk": 31, "fields": {"answer": "are you / am 20 years.", "question": 8, "right_answer": false}}, {"model": "Test.possibleanswer", "pk": 32, "fields": {"answer": "do you have / have 20 years.", "question": 8, "right_answer": false}}, {"model": "Test.possibleanswer", "pk": 33, "fields": {"answer": "usually don't go", "question": 9, "right_answer": true}}, {"model": "Test.possibleanswer", "pk": 34, "fields": {"answer": "don't usually go", "question": 9, "right_answer": false}}, {"model": "Test.possibleanswer", "pk": 35, "fields": {"answer": "don't go usually", "question": 9, "right_answer": false}}, {"model": "Test.possibleanswer", "pk": 36, "fields": {"answer": "do not go usually", "question": 9, "right_answer": false}}, {"model": "Test.possibleanswer", "pk": 37, "fields": {"answer": "your sister works", "question": 10, "right_answer": false}}, {"model": "Test.possibleanswer", "pk": 38, "fields": {"answer": "your sister work", "question": 10, "right_answer": false}}, {"model": "Test.possibleanswer", "pk": 39, "fields": {"answer": "does your sister work", "question": 10, "right_answer": true}}, {"model": "Test.possibleanswer", "pk": 40, "fields": {"answer": "do your sister work", "question": 10, "right_answer": false}}, {"model": "auth.permission", "pk": 1, "fields": {"name": "Can add log entry", "content_type": 1, "codename": "add_logentry"}}, {"model": "auth.permission", "pk": 2, "fields": {"name": "Can change log entry", "content_type": 1, "codename": "change_logentry"}}, {"model": "auth.permission", "pk": 3, "fields": {"name": "Can delete log entry", "content_type": 1, "codename": "delete_logentry"}}, {"model": "auth.permission", "pk": 4, "fields": {"name": "Can view log entry", "content_type": 1, "codename": "view_logentry"}}, {"model": "auth.permission", "pk": 5, "fields": {"name": "Can add permission", "content_type": 2, "codename": "add_permission"}}, {"model": "auth.permission", "pk": 6, "fields": {"name": "Can change permission", "content_type": 2, "codename": "change_permission"}}, {"model": "auth.permission", "pk": 7, "fields": {"name": "Can delete permission", "content_type": 2, "codename": "delete_permission"}}, {"model": "auth.permission", "pk": 8, "fields": {"name": "Can view permission", "content_type": 2, "codename": "view_permission"}}, {"model": "auth.permission", "pk": 9, "fields": {"name": "Can add group", "content_type": 3, "codename": "add_group"}}, {"model": "auth.permission", "pk": 10, "fields": {"name": "Can change group", "content_type": 3, "codename": "change_group"}}, {"model": "auth.permission", "pk": 11, "fields": {"name": "Can delete group", "content_type": 3, "codename": "delete_group"}}, {"model": "auth.permission", "pk": 12, "fields": {"name": "Can view group", "content_type": 3, "codename": "view_group"}}, {"model": "auth.permission", "pk": 13, "fields": {"name": "Can add content type", "content_type": 4, "codename": "add_contenttype"}}, {"model": "auth.permission", "pk": 14, "fields": {"name": "Can change content type", "content_type": 4, "codename": "change_contenttype"}}, {"model": "auth.permission", "pk": 15, "fields": {"name": "Can delete content type", "content_type": 4, "codename": "delete_contenttype"}}, {"model": "auth.permission", "pk": 16, "fields": {"name": "Can view content type", "content_type": 4, "codename": "view_contenttype"}}, {"model": "auth.permission", "pk": 17, "fields": {"name": "Can add session", "content_type": 5, "codename": "add_session"}}, {"model": "auth.permission", "pk": 18, "fields": {"name": "Can change session", "content_type": 5, "codename": "change_session"}}, {"model": "auth.permission", "pk": 19, "fields": {"name": "Can delete session", "content_type": 5, "codename": "delete_session"}}, {"model": "auth.permission", "pk": 20, "fields": {"name": "Can view session", "content_type": 5, "codename": "view_session"}}, {"model": "auth.permission", "pk": 21, "fields": {"name": "Can add user", "content_type": 6, "codename": "add_user"}}, {"model": "auth.permission", "pk": 22, "fields": {"name": "Can change user", "content_type": 6, "codename": "change_user"}}, {"model": "auth.permission", "pk": 23, "fields": {"name": "Can delete user", "content_type": 6, "codename": "delete_user"}}, {"model": "auth.permission", "pk": 24, "fields": {"name": "Can view user", "content_type": 6, "codename": "view_user"}}, {"model": "auth.permission", "pk": 25, "fields": {"name": "Can add test", "content_type": 7, "codename": "add_test"}}, {"model": "auth.permission", "pk": 26, "fields": {"name": "Can change test", "content_type": 7, "codename": "change_test"}}, {"model": "auth.permission", "pk": 27, "fields": {"name": "Can delete test", "content_type": 7, "codename": "delete_test"}}, {"model": "auth.permission", "pk": 28, "fields": {"name": "Can view test", "content_type": 7, "codename": "view_test"}}, {"model": "auth.permission", "pk": 29, "fields": {"name": "Can add test marks", "content_type": 8, "codename": "add_testmarks"}}, {"model": "auth.permission", "pk": 30, "fields": {"name": "Can change test marks", "content_type": 8, "codename": "change_testmarks"}}, {"model": "auth.permission", "pk": 31, "fields": {"name": "Can delete test marks", "content_type": 8, "codename": "delete_testmarks"}}, {"model": "auth.permission", "pk": 32, "fields": {"name": "Can view test marks", "content_type": 8, "codename": "view_testmarks"}}, {"model": "auth.permission", "pk": 33, "fields": {"name": "Can add question", "content_type": 9, "codename": "add_question"}}, {"model": "auth.permission", "pk": 34, "fields": {"name": "Can change question", "content_type": 9, "codename": "change_question"}}, {"model": "auth.permission", "pk": 35, "fields": {"name": "Can delete question", "content_type": 9, "codename": "delete_question"}}, {"model": "auth.permission", "pk": 36, "fields": {"name": "Can view question", "content_type": 9, "codename": "view_question"}}, {"model": "auth.permission", "pk": 37, "fields": {"name": "Can add possible answer", "content_type": 10, "codename": "add_possibleanswer"}}, {"model": "auth.permission", "pk": 38, "fields": {"name": "Can change possible answer", "content_type": 10, "codename": "change_possibleanswer"}}, {"model": "auth.permission", "pk": 39, "fields": {"name": "Can delete possible answer", "content_type": 10, "codename": "delete_possibleanswer"}}, {"model": "auth.permission", "pk": 40, "fields": {"name": "Can view possible answer", "content_type": 10, "codename": "view_possibleanswer"}}, {"model": "auth.permission", "pk": 41, "fields": {"name": "Can add comment", "content_type": 11, "codename": "add_comment"}}, {"model": "auth.permission", "pk": 42, "fields": {"name": "Can change comment", "content_type": 11, "codename": "change_comment"}}, {"model": "auth.permission", "pk": 43, "fields": {"name": "Can delete comment", "content_type": 11, "codename": "delete_comment"}}, {"model": "auth.permission", "pk": 44, "fields": {"name": "Can view comment", "content_type": 11, "codename": "view_comment"}}, {"model": "auth.permission", "pk": 45, "fields": {"name": "Can add association", "content_type": 12, "codename": "add_association"}}, {"model": "auth.permission", "pk": 46, "fields": {"name": "Can change association", "content_type": 12, "codename": "change_association"}}, {"model": "auth.permission", "pk": 47, "fields": {"name": "Can delete association", "content_type": 12, "codename": "delete_association"}}, {"model": "auth.permission", "pk": 48, "fields": {"name": "Can view association", "content_type": 12, "codename": "view_association"}}, {"model": "auth.permission", "pk": 49, "fields": {"name": "Can add code", "content_type": 13, "codename": "add_code"}}, {"model": "auth.permission", "pk": 50, "fields": {"name": "Can change code", "content_type": 13, "codename": "change_code"}}, {"model": "auth.permission", "pk": 51, "fields": {"name": "Can delete code", "content_type": 13, "codename": "delete_code"}}, {"model": "auth.permission", "pk": 52, "fields": {"name": "Can view code", "content_type": 13, "codename": "view_code"}}, {"model": "auth.permission", "pk": 53, "fields": {"name": "Can add nonce", "content_type": 14, "codename": "add_nonce"}}, {"model": "auth.permission", "pk": 54, "fields": {"name": "Can change nonce", "content_type": 14, "codename": "change_nonce"}}, {"model": "auth.permission", "pk": 55, "fields": {"name": "Can delete nonce", "content_type": 14, "codename": "delete_nonce"}}, {"model": "auth.permission", "pk": 56, "fields": {"name": "Can view nonce", "content_type": 14, "codename": "view_nonce"}}, {"model": "auth.permission", "pk": 57, "fields": {"name": "Can add user social auth", "content_type": 15, "codename": "add_usersocialauth"}}, {"model": "auth.permission", "pk": 58, "fields": {"name": "Can change user social auth", "content_type": 15, "codename": "change_usersocialauth"}}, {"model": "auth.permission", "pk": 59, "fields": {"name": "Can delete user social auth", "content_type": 15, "codename": "delete_usersocialauth"}}, {"model": "auth.permission", "pk": 60, "fields": {"name": "Can view user social auth", "content_type": 15, "codename": "view_usersocialauth"}}, {"model": "auth.permission", "pk": 61, "fields": {"name": "Can add partial", "content_type": 16, "codename": "add_partial"}}, {"model": "auth.permission", "pk": 62, "fields": {"name": "Can change partial", "content_type": 16, "codename": "change_partial"}}, {"model": "auth.permission", "pk": 63, "fields": {"name": "Can delete partial", "content_type": 16, "codename": "delete_partial"}}, {"model": "auth.permission", "pk": 64, "fields": {"name": "Can view partial", "content_type": 16, "codename": "view_partial"}}, {"model": "accounts.user", "pk": 16, "fields": {"password": "pbkdf2_sha256$180000$dLdzysFGdGOU$KgawKDDzzfip9kCKXMujYhMJHF849IjD+vFm0YhfrBs=", "last_login": "2020-01-08T01:30:12.863Z", "is_superuser": false, "first_name": "", "last_name": "", "is_staff": false, "is_active": true, "date_joined": "2020-01-08T01:17:05.260Z", "email": "marberymain@gmail.com", "username": "Marbery", "profile_photo": "", "birthday": "2020-01-08", "personal_description": "", "verified": false, "groups": [], "user_permissions": []}}, {"model": "Test.test", "pk": 2, "fields": {"test_topic": "Animals knowing", "number_passes": 0, "description": "No description", "date_pub": "2020-01-08T01:21:07.417Z", "created_by": 16}}, {"model": "Test.test", "pk": 4, "fields": {"test_topic": "Little test of English", "number_passes": 0, "description": "Here is the test of english. There are 5 questions.", "date_pub": "2020-01-08T01:29:32.925Z", "created_by": 16}}]