[{"model": "Test.test", "pk": 1, "fields": {"test_topic": "Little test of English", "number_passes": 0, "description": "Here is the test of english. There are 5 questions.", "date_pub": "2020-01-03T01:58:08.040Z", "created_by": 1}}, {"model": "Test.test", "pk": 2, "fields": {"test_topic": "Animals knowing", "number_passes": 0, "description": "No description", "date_pub": "2020-01-03T02:22:05.848Z", "created_by": 1}}, {"model": "Test.question", "pk": 1, "fields": {"question": "I ______ bus on Mondays.", "test": 1}}, {"model": "Test.question", "pk": 2, "fields": {"question": "Sorry, but this chair is ______.", "test": 1}}, {"model": "Test.question", "pk": 3, "fields": {"question": "A: 'How old ______?'   B: 'I ______ .'", "test": 1}}, {"model": "Test.question", "pk": 4, "fields": {"question": "I ______ to the cinema.", "test": 1}}, {"model": "Test.question", "pk": 5, "fields": {"question": "Where ______ ?", "test": 1}}, {"model": "Test.question", "pk": 6, "fields": {"question": "The baby boy saw ... in the mirror and started to cry.", "test": 2}}, {"model": "Test.question", "pk": 7, "fields": {"question": "A lot of trains ... late today due to the heavy storms.", "test": 2}}, {"model": "Test.question", "pk": 8, "fields": {"question": "... was a strong wind last night.", "test": 2}}, {"model": "Test.question", "pk": 9, "fields": {"question": "Firstly, I want to congratulate you all. Secondly, I would like to wish you good luck and ... I hope you have enjoyed the course.", "test": 2}}, {"model": "Test.question", "pk": 10, "fields": {"question": "You ... clean your teeth twice a day to avoid having problems.", "test": 2}}, {"model": "Test.possibleanswer", "pk": 1, "fields": {"answer": "am going to work with", "question": 1, "right_answer": false}}, {"model": "Test.possibleanswer", "pk": 2, "fields": {"answer": "am going to work by", "question": 1, "right_answer": false}}, {"model": "Test.possibleanswer", "pk": 3, "fields": {"answer": "go to work with", "question": 1, "right_answer": false}}, {"model": "Test.possibleanswer", "pk": 4, "fields": {"answer": "go to work by", "question": 1, "right_answer": true}}, {"model": "Test.possibleanswer", "pk": 5, "fields": {"answer": "me", "question": 2, "right_answer": false}}, {"model": "Test.possibleanswer", "pk": 6, "fields": {"answer": "mine", "question": 2, "right_answer": true}}, {"model": "Test.possibleanswer", "pk": 7, "fields": {"answer": "my", "question": 2, "right_answer": false}}, {"model": "Test.possibleanswer", "pk": 8, "fields": {"answer": "our", "question": 2, "right_answer": false}}, {"model": "Test.possibleanswer", "pk": 9, "fields": {"answer": "are you / am 20 years old.", "question": 3, "right_answer": true}}, {"model": "Test.possibleanswer", "pk": 10, "fields": {"answer": "have you / have 20 years old", "question": 3, "right_answer": false}}, {"model": "Test.possibleanswer", "pk": 11, "fields": {"answer": "are you / am 20 years.", "question": 3, "right_answer": false}}, {"model": "Test.possibleanswer", "pk": 12, "fields": {"answer": "do you have / have 20 years.", "question": 3, "right_answer": false}}, {"model": "Test.possibleanswer", "pk": 13, "fields": {"answer": "usually don't go", "question": 4, "right_answer": true}}, {"model": "Test.possibleanswer", "pk": 14, "fields": {"answer": "don't usually go", "question": 4, "right_answer": false}}, {"model": "Test.possibleanswer", "pk": 15, "fields": {"answer": "don't go usually", "question": 4, "right_answer": false}}, {"model": "Test.possibleanswer", "pk": 16, "fields": {"answer": "do not go usually", "question": 4, "right_answer": false}}, {"model": "Test.possibleanswer", "pk": 17, "fields": {"answer": "your sister works", "question": 5, "right_answer": false}}, {"model": "Test.possibleanswer", "pk": 18, "fields": {"answer": "your sister work", "question": 5, "right_answer": false}}, {"model": "Test.possibleanswer", "pk": 19, "fields": {"answer": "does your sister work", "question": 5, "right_answer": true}}, {"model": "Test.possibleanswer", "pk": 20, "fields": {"answer": "do your sister work", "question": 5, "right_answer": false}}, {"model": "Test.possibleanswer", "pk": 21, "fields": {"answer": "itself", "question": 6, "right_answer": false}}, {"model": "Test.possibleanswer", "pk": 22, "fields": {"answer": "Other answer", "question": 6, "right_answer": false}}, {"model": "Test.possibleanswer", "pk": 23, "fields": {"answer": "herself", "question": 6, "right_answer": false}}, {"model": "Test.possibleanswer", "pk": 24, "fields": {"answer": "himself", "question": 6, "right_answer": true}}, {"model": "Test.possibleanswer", "pk": 25, "fields": {"answer": "are run", "question": 7, "right_answer": true}}, {"model": "Test.possibleanswer", "pk": 26, "fields": {"answer": "run", "question": 7, "right_answer": false}}, {"model": "Test.possibleanswer", "pk": 27, "fields": {"answer": "are running", "question": 7, "right_answer": false}}, {"model": "Test.possibleanswer", "pk": 28, "fields": {"answer": "Other answer", "question": 7, "right_answer": false}}, {"model": "Test.possibleanswer", "pk": 29, "fields": {"answer": "There", "question": 8, "right_answer": true}}, {"model": "Test.possibleanswer", "pk": 30, "fields": {"answer": "Here", "question": 8, "right_answer": false}}, {"model": "Test.possibleanswer", "pk": 31, "fields": {"answer": "This", "question": 8, "right_answer": false}}, {"model": "Test.possibleanswer", "pk": 32, "fields": {"answer": "Other answer", "question": 8, "right_answer": false}}, {"model": "Test.possibleanswer", "pk": 33, "fields": {"answer": "at last", "question": 9, "right_answer": true}}, {"model": "Test.possibleanswer", "pk": 34, "fields": {"answer": "finally", "question": 9, "right_answer": false}}, {"model": "Test.possibleanswer", "pk": 35, "fields": {"answer": "in the end", "question": 9, "right_answer": false}}, {"model": "Test.possibleanswer", "pk": 36, "fields": {"answer": "Other answer", "question": 9, "right_answer": false}}, {"model": "Test.possibleanswer", "pk": 37, "fields": {"answer": "can", "question": 10, "right_answer": false}}, {"model": "Test.possibleanswer", "pk": 38, "fields": {"answer": "should", "question": 10, "right_answer": true}}, {"model": "Test.possibleanswer", "pk": 39, "fields": {"answer": "will", "question": 10, "right_answer": false}}, {"model": "Test.possibleanswer", "pk": 40, "fields": {"answer": "Other answer", "question": 10, "right_answer": false}}, {"model": "Test.comment", "pk": 1, "fields": {"comment": "Hello!", "test": 2, "created_by": 1}}]